name,year,domestic_box_office,international_box_office,worldwide_box_office,opening_weekend,legs,production_budget,theater_counts,mpaa_rating,running_time,genre,production_method,creative_type,production_companies,synopsis,link,tconst,poster_path,bb_profit,bb_profit_score,bb_multiple_score,bb_score
Aladdin,2019,355559216,695400000,1050959216,91500929,3.89,182000000,8,PG,128,Adventure,Animation/Live Action,Fantasy,Walt Disney Pictures,"The charming street rat Aladdin, the courageous and self-determined Princess Jasmine and the Genie who may be the key to their future. ",https://www.the-numbers.com/movie/Aladdin-(2019)#tab=summary,tt6139732,https://image.tmdb.org/t/p/w300_and_h450_bestv2//3iYQTLGoy7QnjcUYRJy4YrAgGvp.jpg,868959216,34.0541114,45.5,67.0270557
Alice in Wonderland,2010,334191110,691300000,1025491110,116101023,2.88,200000000,7.2,PG,108,Adventure,Animation/Live Action,Fantasy,Walt Disney Pictures,,https://www.the-numbers.com/movie/Alice-in-Wonderland-(2010)#tab=summary,tt1014759,https://image.tmdb.org/t/p/w300_and_h450_bestv2//o0kre9wRCZz3jjSjaru7QU0UtFz.jpg,825491110,32.35061635,50,66.17530818
American Sniper,2014,350126372,197200000,547326372,633456,3.92,58000000,8.9,R,132,Drama,Live Action,Dramatization,Mad Chance,"U.S. Navy SEAL Chris Kyle is sent to Iraq with only one mission: to protect his brothers-in-arms. His pinpoint accuracy saves countless lives on the battlefield and, as stories of his courageous exploits spread, he earns the nickname 'Legend.' However, his reputation is also growing behind enemy lines, putting a price on his head and making him a prime target of insurgents. He is also facing a different kind of battle on the home front: striving to be a good husband and father from halfway around the world. Despite the danger, as well as the toll on his family at home, Chris serves through four harrowing tours of duty in Iraq, personifying the spirit of the SEAL creed to 'leave no one behind.' But upon returning to his wife, Taya Renae Kyle, and kids, Chris finds that it is the war he can't leave behind.",https://www.the-numbers.com/movie/American-Sniper#tab=summary,tt2179136,https://image.tmdb.org/t/p/w300_and_h450_bestv2//i1U46OwMc6vlm7OoSUKfqUH615e.jpg,489326372,19.17647512,14.5,59.58823756
Aquaman,2018,335061807,811832833,1146894640,67873522,4.94,160000000,7.5,PG-13,143,Action,Animation/Live Action,Super Hero,Warner Bros.,"The Origin story of half-human, half-Atlantean Arthur Curry and takes him on the journey of his lifetime—one that will not only force him to face who he really is, but to discover if he is worthy of who he was born to be...a king. ",https://www.the-numbers.com/movie/Aquaman-(2018)#tab=summary,tt1477834,https://image.tmdb.org/t/p/w300_and_h450_bestv2//5Kg76ldv7VxeX9YlcQXiowHgdX6.jpg,986894640,38.67594635,40,69.33797317
Avatar,2009,760507625,2028193712,2788701337,77025481,9.87,237000000,13.2,PG-13,162,Action,Animation/Live Action,Science Fiction,Dune Entertainment,"Jake Sully is a wounded ex-marine, thrust into an effort to settle and exploit Pandora, an exotic moon rich in bio-diversity and inhabited by the Na'vi, a ten-foot-tall humanoid species. After Neytiri, a female Na'vi, rescues Jake after he becomes separated from his team, he learns more about the planet and eventually crosses over to lead the indigenous race in a battle for survival.",https://www.the-numbers.com/movie/Avatar#tab=summary,tt0499549,https://image.tmdb.org/t/p/w300_and_h450_bestv2//btnl50ZDJDSCal2NLQIYWw0XxvH.jpg,2551701337,100,59.25,100
Avengers: Age of Ultron,2015,459005868,944008095,1403013963,191271109,2.4,365000000,7,PG-13,141,Action,Animation/Live Action,Super Hero,Marvel Studios,"When Tony Stark tries to jumpstart a dormant peacekeeping program, things go awry and Earth's mightiest heroes, including Iron Man, Captain America, Thor, The Incredible Hulk, Black Widow and Hawkeye, are put to the ultimate test as the fate of the planet hangs in the balance. As the villainous Ultron emerges, it is up to The Avengers to stop him from enacting his terrible plans, which soon leads to some uneasy alliances. Along the way, they confront two mysterious and powerful newcomers, Wanda and Pietro Maximoff and meet an old friend in a new form, Vision.",https://www.the-numbers.com/movie/Avengers-Age-of-Ultron#tab=summary,tt2395427,https://image.tmdb.org/t/p/w300_and_h450_bestv2//4ssDuvEDkSArWEdyBl2X5EHvYKU.jpg,1038013963,40.67928907,91.25,70.33964453
Avengers: Endgame,2019,858373000,1939427564,2797800564,357115007,2.4,400000000,8.1,PG-13,181,Action,Animation/Live Action,Super Hero,Marvel Studios,"The grave course of events set in motion by Thanos that wiped out half the universe and fractured the Avengers ranks compels the remaining Avengers to take one final stand in Marvel Studios' grand conclusion to twenty-two films, 'Avengers: Endgame.'",https://www.the-numbers.com/movie/Avengers-Endgame-(2019)#tab=summary,tt4154796,https://image.tmdb.org/t/p/w300_and_h450_bestv2//or06FN3Dka5tukK1e9sl16pB3iy.jpg,2397800564,93.9686996,100,96.9843498
Avengers: Infinity War,2018,678815482,1369544272,2048359754,257698183,2.63,300000000,7.7,PG-13,156,Action,Animation/Live Action,Super Hero,Marvel Studios,"As the Avengers and their allies have continued to protect the world from threats too large for any one hero to handle, a new danger has emerged from the cosmic shadows: Thanos. A despot of intergalactic infamy, his goal is to collect all six Infinity Stones, artifacts of unimaginable power, and use them to inflict his twisted will on all of reality. Everything the Avengers have fought for has led up to this moment—the fate of Earth and existence itself has never been more uncertain. ",https://www.the-numbers.com/movie/Avengers-Infinity-War#tab=summary,tt4154756,https://image.tmdb.org/t/p/w300_and_h450_bestv2//7WsyChQLEftFiDOVTGkv3hFpyyt.jpg,1748359754,68.51741341,75,84.2587067
Batman v Superman: Dawn of Justice,2016,330360194,543274725,873634919,166007347,1.99,263000000,5.9,PG-13,151,Action,Live Action,Super Hero,Warner Bros.,"Fearing the actions of a god-like super hero left unchecked, Gotham City's own formidable, forceful vigilante takes on Metropolis's most revered, modern-day savior, while the world wrestles with what sort of hero it really needs. And with Batman and Superman at war with each other, a new threat quickly arises, putting mankind in greater danger than it has ever known before.",https://www.the-numbers.com/movie/Batman-v-Superman-Dawn-of-Justice#tab=summary,tt2975590,https://image.tmdb.org/t/p/w300_and_h450_bestv2//lQUFeo0oRvtiLKlT5zkQkuCW4jA.jpg,610634919,23.9305012,65.75,61.9652506
Beauty and the Beast,2017,504014165,759506961,1263521126,174750616,2.88,160000000,8.5,PG,123,Musical,Animation/Live Action,Fantasy,Walt Disney Pictures,"The fantastic journey of Belle, a bright, beautiful and independent young woman who is taken prisoner by a Beast in his castle. Despite her fears, she befriends the castle's enchanted staff and learns to look beyond the Beast's hideous exterior and realize the kind heart of the true Prince within. ",https://www.the-numbers.com/movie/Beauty-and-the-Beast-(2017)#tab=summary,tt2771200,https://image.tmdb.org/t/p/w300_and_h450_bestv2//tWqifoYuwLETmmasnGHO7xBjEtt.jpg,1103521126,43.24648461,40,71.62324231
Black Panther,2018,700059566,646853595,1346913161,202003951,3.47,200000000,9.9,PG-13,120,Action,Live Action,Super Hero,Marvel Studios,"King T'Challa returns home to the reclusive, technologically advanced African nation of Wakanda to serve as his country's new leader. However, T'Challa soon finds that he is challenged for the throne from factions within his own country. When two foes conspire to destroy Wakanda, the hero known as Black Panther must team up with C.I.A. agent Everett K. Ross and members of the Dora Milaje, Wakanadan special forces, to prevent Wakanda from being dragged into a world war.",https://www.the-numbers.com/movie/Black-Panther#tab=summary,tt1825683,https://image.tmdb.org/t/p/w300_and_h450_bestv2//uxzzxijgPIY7slzFvMotPv8wjKA.jpg,1146913161,44.94699847,50,72.47349924
Captain America: Civil War,2016,408084349,745200000,1153284349,179139142,2.28,250000000,6,PG-13,146,Action,Live Action,Super Hero,Marvel Studios,"Steve Rogers is leading the newly formed team of Avengers in their continued efforts to safeguard humanity. But after another incident involving the Avengers results in collateral damage, political pressure mounts to install a system of accountability, headed by a governing body to oversee and direct the team. The new status quo fractures the Avengers, resulting in two camps—one led by Steve Rogers and his desire for the Avengers to remain free to defend humanity without government interference, and the other following Tony Stark's surprising decision to support government oversight and accountability.",https://www.the-numbers.com/movie/Captain-America-Civil-War#tab=summary,tt3498820,https://image.tmdb.org/t/p/w300_and_h450_bestv2//tjX3FRx21emmwA30QwXaU39mHoT.jpg,903284349,35.39929756,62.5,67.69964878
Captain Marvel,2019,426829839,702900000,1129729839,153433423,2.78,175000000,7.9,PG-13,124,Action,Animation/Live Action,Super Hero,Marvel Studios,The story follows Carol Danvers as she becomes one of the universe's most powerful heroes when Earth is caught in the middle of a galactic war between two alien races.,https://www.the-numbers.com/movie/Captain-Marvel-(2019)#tab=summary,tt4154664,https://image.tmdb.org/t/p/w300_and_h450_bestv2//AtsgWhDnHTq68L0lLsUrCnM7TjG.jpg,954729839,37.41542261,43.75,68.70771131
Deadpool,2016,363070709,421954884,785025593,132434639,2.74,58000000,7.7,R,107,Action,Animation/Live Action,Super Hero,Marvel Studios,"The origin story of former Special Forces operative turned mercenary Wade Wilson, who after being subjected to a rogue experiment that leaves him with accelerated healing powers, adopts the alter ego Deadpool. Armed with his new abilities and a dark, twisted sense of humor, Deadpool hunts down the man who nearly destroyed his life.",https://www.the-numbers.com/movie/Deadpool#tab=summary,tt1431045,https://image.tmdb.org/t/p/w300_and_h450_bestv2//yGSxMiF0cYuAiyuve5DA6bnWEOI.jpg,727025593,28.4917981,14.5,64.24589905
Deadpool 2,2018,324591735,462088822,786680557,125507153,2.59,110000000,7.1,R,119,Action,Animation/Live Action,Super Hero,Marvel Studios,"After surviving a near fatal bovine attack, a disfigured cafeteria chef struggles to fulfill his dream of becoming Mayberry's hottest bartender while also learning to cope with his lost sense of taste. Searching to regain his spice for life, as well as a flux capacitor, Wade must battle ninjas, the yakuza, and a pack of sexually aggressive canines, as he journeys around the world to discover the importance of family, friendship, and flavor—finding a new taste for adventure and earning the coveted coffee mug title of World's Best Lover. ",https://www.the-numbers.com/movie/Deadpool-2#tab=summary,tt5463162,https://image.tmdb.org/t/p/w300_and_h450_bestv2//to0spRl1CMDvyUbOnbb4fTk3VAd.jpg,676680557,26.51879933,27.5,63.25939966
Despicable Me 2,2013,368065385,607151450,975216835,84227980,4.37,76000000,8.4,PG,98,Adventure,Digital Animation,Kids Fiction,Universal Pictures,,https://www.the-numbers.com/movie/Despicable-Me-2#tab=summary,tt1690953,https://image.tmdb.org/t/p/w300_and_h450_bestv2//xL6t0Fo38DjiiuNLVSj58xJWNJy.jpg,899216835,35.23989355,19,67.61994678
ET: The Extra-Terrestrial,1982,435110554,357854772,792965326,11911430,25.22,10500000,20.6,PG,114,Drama,Live Action,Kids Fiction,Universal Pictures,,https://www.the-numbers.com/movie/ET-The-Extra-Terrestrial#tab=summary,tt0083866,https://image.tmdb.org/t/p/w300_and_h450_bestv2//cBfkE3HSH1NOyy1ftxlPw2l3ukb.jpg,782465326,30.6644557,2.625,65.33222785
Finding Dory,2016,486295561,542275328,1028570889,135060273,3.6,200000000,7.6,PG,103,Adventure,Digital Animation,Kids Fiction,Disney-Pixar,"Reunites the friendly-but-forgetful blue tang fish with her loved ones, and everyone learns a few things about the true meaning of family along the way. ",https://www.the-numbers.com/movie/Finding-Dory#tab=summary,tt2277860,https://image.tmdb.org/t/p/w300_and_h450_bestv2//iLDPxheFrdNlbpvxO1jFB1jLGiZ.jpg,828570889,32.47131147,50,66.23565574
Finding Nemo,2003,380529370,555900000,936429370,70251710,5.42,94000000,14.6,G,100,Adventure,Digital Animation,Kids Fiction,Disney-Pixar,"The momentous journey of an overprotective clownfish named Marlin and his young son Nemo—who become separated when Nemo is unexpectedly taken far from his ocean home in the Great Barrier Reef to a fish tank in a dentist's office. Buoyed by the companionshipof Dory, a friendly-but-forgetful blue tang, Marlin embarks on a dangerous trek and finds himself the unlikely hero of an epic journey to rescue his son—who hatches a few daring plans of his own to return safely home.",https://www.the-numbers.com/movie/Finding-Nemo#tab=summary,tt0266543,https://image.tmdb.org/t/p/w300_and_h450_bestv2//n5eTY87wowab53RrcU2DqdK5MNB.jpg,842429370,33.01441896,23.5,66.50720948
Forrest Gump,1994,330151138,349687122,679838260,24450602,13.5,55000000,23.8,PG-13,142,Drama,Live Action,Historical Fiction,Steve Tisch Productions,,https://www.the-numbers.com/movie/Forrest-Gump#tab=summary,tt0109830,https://image.tmdb.org/t/p/w300_and_h450_bestv2//saHP97rTPS5eLmrLQEcANmKrsFl.jpg,624838260,24.48712359,13.75,62.24356179
Frozen,2013,400738009,868008165,1268746174,243390,5.95,150000000,12.8,PG,102,Musical,Digital Animation,Kids Fiction,Walt Disney Animation Studios,"Fearless optimist Anna sets off on an epic journey—teaming up with rugged mountain man Kristoff and his loyal reindeer Sven—to find her sister Elsa, whose icy powers have trapped the kingdom of Arendelle in eternal winter. Encountering Everest-like conditions, mystical trolls and a hilarious snowman named Olaf, Anna and Kristoff battle the elements in a race to save the kingdom. ",https://www.the-numbers.com/movie/Frozen-(2013)#tab=summary,tt2294629,https://image.tmdb.org/t/p/w300_and_h450_bestv2//yald8Lsb4uCRvjIH3spzR84Kdwf.jpg,1118746174,43.84314723,37.5,71.92157361
Frozen II,2019,477373578,972653355,1450026933,130263358,3.66,150000000,8.6,PG,103,Adventure,Digital Animation,Kids Fiction,Walt Disney Animation Studios,"Why was Elsa born with magical powers? The answer is calling her and threatening her kingdom. Together with Anna, Kristoff, Olaf and Sven, she'll set out on a dangerous but remarkable journey. In 'Frozen,' Elsa feared her powers were too much for the world. In 'Frozen 2,' she must hope they are enough. ",https://www.the-numbers.com/movie/Frozen-II-(2019)#tab=summary,tt4520988,https://image.tmdb.org/t/p/w300_and_h450_bestv2//h6Wi81XNXCjTAcdstiCLRykN3Pa.jpg,1300026933,50.94745667,37.5,75.47372833
Furious 7,2015,353007020,1165715774,1518722794,147163560,2.4,190000000,6.9,PG-13,137,Action,Live Action,Contemporary Fiction,Original Film,,https://www.the-numbers.com/movie/Furious-7#tab=summary,tt2820852,https://image.tmdb.org/t/p/w300_and_h450_bestv2//jPFsjmFlTFmpIY41BP3C4sVYOKw.jpg,1328722794,52.07203424,47.5,76.03601712
Guardians of the Galaxy,2014,333172112,439600000,772772112,94320883,3.53,170000000,9.1,PG-13,121,Action,Animation/Live Action,Super Hero,Marvel Studios,"Adventurer Peter Quill finds himself the object of an unrelenting bounty hunt after stealing a mysterious orb coveted by Ronan, a powerful villain with ambitions that threaten the entire universe. To evade the ever-persistent Ronan, Quill is forced into an uneasy truce with a quartet of disparate misfits—Rocket, a gun-toting raccoon, Groot, a tree-like humanoid, the deadly and enigmatic Gamora and the revenge-driven Drax the Destroyer. But when Quill discovers the true power of the orb and the menace it poses to the cosmos, he must do his best to rally his ragtag rivals for a last, desperate stand—with the galaxy's fate in the balance.",https://www.the-numbers.com/movie/Guardians-of-the-Galaxy#tab=summary,tt2015381,https://image.tmdb.org/t/p/w300_and_h450_bestv2//r7vmZjiyZw9rpJMQJdXpjgiCOk9.jpg,602772112,23.62236141,42.5,61.81118071
Guardians of the Galaxy Vol 2,2017,389813101,479300000,869113101,146510104,2.66,200000000,7,PG-13,136,Action,Animation/Live Action,Super Hero,Marvel Studios,The team's adventures continue as they traverse the outer reaches of the cosmos. The Guardians must fight to keep their newfound family together as they unravel the mystery of Peter Quill's true parentage. ,https://www.the-numbers.com/movie/Guardians-of-the-Galaxy-Vol-2#tab=summary,tt3896198,https://image.tmdb.org/t/p/w300_and_h450_bestv2//y4MBh0EjBlMuOzv9axM4qJlmhzz.jpg,669113101,26.22223421,50,63.11111711
Harry Potter and the Deathly Hallows: Part I,2010,296131568,664300000,960431568,125017372,2.37,125000000,6.8,PG-13,146,Adventure,Animation/Live Action,Fantasy,Heyday Films,"Harry, Ron and Hermione set out on their perilous mission to track down and destroy the Horcruxes - the keys to Voldemort's immortality. On their own, without the guidance or protection of their professors, the three friends must now rely on one another more than ever. But there are dark forces in their midst that threaten to tear them apart. Meanwhile, the Wizarding world has become a dangerous place for all enemies of the Dark Lord. Long-feared war has begun and Voldemort's death eaters seize control of the Ministry of Magic and even Hogwarts, terrorizing and arresting anyone who might oppose them. But the one prize they still seek is the one most valuable to Voldemort: Harry Potter. The Chosen one has become the hunted one as Voldemort's followers look for Harry with orders to bring him to the Dark Lord alive. ",https://www.the-numbers.com/movie/Harry-Potter-and-the-Deathly-Hallows-Part-I#tab=summary,tt0926084,https://image.tmdb.org/t/p/w300_and_h450_bestv2//iGoXIpQb7Pot00EEdwpwPajheZ5.jpg,835431568,32.74017832,31.25,66.37008916
Harry Potter and the Deathly Hallows: Part II,2011,381193157,960500000,1341693157,169189427,2.25,125000000,6,PG-13,131,Adventure,Animation/Live Action,Fantasy,Warner Bros.,The battle between the good and evil forces of the wizarding world escalates into an all-out war. The stakes have never been higher and no one is safe. But it is Harry Potter who may be called upon to make the ultimate sacrifice as he draws closer to the climactic showdown with Lord Voldemort. It all ends here.,https://www.the-numbers.com/movie/Harry-Potter-and-the-Deathly-Hallows-Part-II#tab=summary,tt1201607,https://image.tmdb.org/t/p/w300_and_h450_bestv2//c54HpQmuwXjHq2C9wmoACjxoom3.jpg,1216693157,47.68164437,31.25,73.84082219
Harry Potter and the Goblet of Fire,2005,290201752,606898042,897099794,102685961,2.83,150000000,7.5,PG-13,150,Adventure,Animation/Live Action,Fantasy,Warner Bros.,,https://www.the-numbers.com/movie/Harry-Potter-and-the-Goblet-of-Fire#tab=summary,tt0330373,https://image.tmdb.org/t/p/w300_and_h450_bestv2//fECBtHlr0RB3foNHDiCBXeg9Bv9.jpg,747099794,29.27849679,37.5,64.63924839
Harry Potter and the Half-Blood Prince,2009,302089278,633124489,935213767,77835727,3.88,250000000,6.1,PG,153,Adventure,Animation/Live Action,Fantasy,Heyday Films,,https://www.the-numbers.com/movie/Harry-Potter-and-the-Half-Blood-Prince#tab=summary,tt0417741,https://image.tmdb.org/t/p/w300_and_h450_bestv2//Ag21otqbeynZPGjEbzyr3X5Us0j.jpg,685213767,26.8532119,62.5,63.42660595
Harry Potter and the Order of the Phoenix,2007,292137260,650939197,943076457,77108414,3.79,150000000,6.1,PG-13,138,Adventure,Animation/Live Action,Fantasy,Heyday Films,,https://www.the-numbers.com/movie/Harry-Potter-and-the-Order-of-the-Phoenix#tab=summary,tt0373889,https://image.tmdb.org/t/p/w300_and_h450_bestv2//sMMjm3NCC3qiDxwVJZd554nCt98.jpg,793076457,31.08030103,37.5,65.54015052
Harry Potter and the Sorcerer's Stone,2001,317871467,657176139,975047606,90294621,3.52,125000000,9.8,PG,152,Adventure,Animation/Live Action,Fantasy,Heyday Films,,https://www.the-numbers.com/movie/Harry-Potter-and-the-Sorcerers-Stone#tab=summary,tt0241527,https://image.tmdb.org/t/p/w300_and_h450_bestv2//wuMc08IPKEatf9rnMNXvIDxqP4W.jpg,850047606,33.31297412,31.25,66.65648706
Inception,2010,292576195,541267887,833844082,62785337,4.66,160000000,8.2,PG-13,147,Thriller/Suspense,Animation/Live Action,Science Fiction,Warner Bros.,"Dom Cobb is a skilled thief, the absolute best in the dangerous art of extraction, stealing valuable secrets from deep within the subconscious, during the dream state when the mind is at its most vulnerable. Cobb's rare ability has made him a coveted player in this treacherous new world of corporate espionage, but it has also made him an international fugitive and cost him everything he has ever loved. One last job could give him his life back but only if he can accomplish the impossible: inception. Instead of the perfect heist, Cobb and his team of specialists have to pull off the reverse: their task is not to steal an idea but to plant one. If they succeed, it could be the perfect crime. But no amount of careful planning or expertise can prepare the team for the dangerous enemy that seems to predict their every move. An enemy that only Cobb could have seen coming.",https://www.the-numbers.com/movie/Inception#tab=summary,tt1375666,https://image.tmdb.org/t/p/w300_and_h450_bestv2//edv5CZvWj09upOsy2Y6IwDhK8bt.jpg,673844082,26.40763918,40,63.20381959
Incredibles 2,2018,608581744,634223615,1242805359,182687905,3.33,200000000,9.1,PG,118,Adventure,Digital Animation,Kids Fiction,Disney-Pixar,"Everyone's favorite family of superheroes is back, but this time Helen is in the spotlight, leaving Bob at home with Violet and Dash  to navigate the day-to-day heroics of 'normal' life. It's a tough transition for everyone, made tougher by the fact that the family is still unaware of baby Jack-Jack's emerging superpowers. When a new villain hatches a brilliant and dangerous plot, the family and Frozone must find a way to work together again—which is easier said than done, even when they're all Incredible.",https://www.the-numbers.com/movie/Incredibles-2#tab=summary,tt3606756,https://image.tmdb.org/t/p/w300_and_h450_bestv2//9lFKBtaVIhP7E2Pk0IY1CwTKTMZ.jpg,1042805359,40.86706167,50,70.43353083
Independence Day,1996,306169255,511231623,817400878,50228264,6.1,75000000,13.2,PG-13,145,Adventure,Live Action,Science Fiction,Centropolis Entertainment,,https://www.the-numbers.com/movie/Independence-Day#tab=summary,tt0116629,https://image.tmdb.org/t/p/w300_and_h450_bestv2//p0BPQGSPoSa8Ml0DAf2mB2kCU0R.jpg,742400878,29.09434843,18.75,64.54717422
Indiana Jones and the Kingdom of the Crystal Skull,2008,317101119,469534294,786635413,100137835,3.17,185000000,7,PG-13,123,Adventure,Live Action,Historical Fiction,Lucasfilm,,https://www.the-numbers.com/movie/Indiana-Jones-and-the-Kingdom-of-the-Crystal-Skull#tab=summary,tt0367882,https://image.tmdb.org/t/p/w300_and_h450_bestv2//56As6XEM1flWvprX4LgkPl8ii4K.jpg,601635413,23.5778147,46.25,61.78890735
Inside Out,2015,356461711,501100000,857561711,90440272,3.94,175000000,8.9,PG,95,Adventure,Digital Animation,Kids Fiction,Disney-Pixar,"Growing up can be a bumpy road, and it's no exception for Riley, who is uprooted from her Midwest life when her father starts a new job in San Francisco. Like all of us, Riley is guided by her emotions, Fear, Anger, Disgust and Sadness. The emotions live in Headquarters, the control center inside Riley's mind, where they help advise her through everyday life. As Riley and her emotions struggle to adjust to a new life in San Francisco, turmoil ensues in Headquarters. Although Joy, Riley's main and most important emotion, tries to keep things positive, the emotions conflict on how best to navigate a new city, house and school.",https://www.the-numbers.com/movie/Inside-Out-(2015)#tab=summary,tt2096673,https://image.tmdb.org/t/p/w300_and_h450_bestv2//lRHE0vzf3oYJrhbsHXjIkF4Tl5A.jpg,682561711,26.74927904,43.75,63.37463952
Iron Man,2008,318604126,266567421,585171547,102118668,3.12,186000000,8,PG-13,126,Adventure,Live Action,Super Hero,Paramount Pictures,"Tony Stark, a billionaire industrialist and genius inventor is kidnapped and forced to build a devastating weapon. Instead, using his intelligence and ingenuity, Tony builds a high-tech suit of armor and escapes captivity. When he uncovers a nefarious plot with global implications, he dons his powerful armor and vows to protect the world as Iron Man.",https://www.the-numbers.com/movie/Iron-Man#tab=summary,tt0371746,https://image.tmdb.org/t/p/w300_and_h450_bestv2//78lPtwv72eTNqFW9COBYI0dWDJa.jpg,399171547,15.64334906,46.5,57.82167453
Iron Man 2,2010,312433331,308723058,621156389,128122480,2.44,170000000,6.2,PG-13,125,Action,Live Action,Super Hero,Paramount Pictures,"With the world now aware that he is Iron Man, billionaire inventor Tony Stark faces pressure from all sides to share his technology with the military. He is reluctant to divulge the secrets of his armored suit, fearing the information will fall into the wrong hands. With Pepper Potts and 'Rhodey' Rhodes by his side, Tony must forge new alliances and confront a powerful new enemy.",https://www.the-numbers.com/movie/Iron-Man-2#tab=summary,tt1228705,https://image.tmdb.org/t/p/w300_and_h450_bestv2//6WBeq4fCfn7AN0o21W9qNcRF2l9.jpg,451156389,17.68061107,42.5,58.84030553
Iron Man 3,2013,408992272,806400000,1215392272,174144585,2.35,200000000,6.1,PG-13,130,Action,Animation/Live Action,Super Hero,Marvel Studios,"Marvel's ""Iron Man 3"" pits brash-but-brilliant industrialist Tony Stark/Iron Man against an enemy whose reach knows no bounds. When Stark finds his personal world destroyed at his enemy's hands, he embarks on a harrowing quest to find those responsible. This journey, at every turn, will test his mettle. With his back against the wall, Stark is left to survive by his own devices, relying on his ingenuity and instincts to protect those closest to him. As he fights his way back, Stark discovers the answer to the question that has secretly haunted him: does the man make the suit or does the suit make the man? ",https://www.the-numbers.com/movie/Iron-Man-3#tab=summary,tt1300854,https://image.tmdb.org/t/p/w300_and_h450_bestv2//qhPtAc1TKbMPqNvcdXSOn9Bn7hZ.jpg,1015392272,39.79275542,50,69.89637771
It,2017,328828874,372900000,701728874,123403419,2.66,35000000,7.4,R,135,Horror,Live Action,Historical Fiction,Lin Pictures,"When children begin to disappear in the town of Derry, Maine, a group of young kids are faced with their biggest fears when they square off against an evil clown named Pennywise, whose history of murder and violence dates back for centuries. ",https://www.the-numbers.com/movie/It-(2017)#tab=summary,tt1396484,https://image.tmdb.org/t/p/w300_and_h450_bestv2//9E2y5Q7WlCVNEhP5GiVTjhEhx1o.jpg,666728874,26.12879745,8.75,63.06439873
Joker,2019,335451311,738800000,1074251311,96202337,3.49,55000000,7.5,R,122,Thriller/Suspense,Live Action,Contemporary Fiction,Village Roadshow Productions,"Arthur Fleck, is of a man struggling to find his way in Gotham's fractured society. A clown-for-hire by day, he aspires to be a stand-up comic at night...but finds the joke always seems to be on him. Caught in a cyclical existence between apathy and cruelty, Arthur makes one bad decision that brings about a chain reaction of escalating events in this gritty character study.",https://www.the-numbers.com/movie/Joker-(2019)#tab=summary,tt7286456,https://image.tmdb.org/t/p/w300_and_h450_bestv2//udDclJoHjfjb8Ekgsd4FDteOkCU.jpg,1019251311,39.94398938,13.75,69.97199469
Jumanji: The Next Level,2019,316831246,478876844,795708090,59251543,5.35,125000000,9.8,PG-13,123,Adventure,Live Action,Science Fiction,7 Bucks Productions,"In Jumanji: The Next Level, the gang is back but the game has changed. As they return to Jumanji to rescue one of their own, they discover that nothing is as they expect. The players will have to brave parts unknown and unexplored, from the arid deserts to the snowy mountains, in order to escape the world's most dangerous game.",https://www.the-numbers.com/movie/Jumanji-The-Next-Level#tab=summary,tt7975244,https://image.tmdb.org/t/p/w300_and_h450_bestv2//bB42KDdfWkOvmzmYkmK58ZlCa9P.jpg,670708090,26.2847411,31.25,63.14237055
Jumanji: Welcome to the Jungle,2017,404508916,559987277,964496193,36169328,8.08,90000000,11.2,PG-13,119,Adventure,Live Action,Science Fiction,Columbia Pictures,"Four teenagers in detention are sucked into the world of Jumanji. When they discover an old video game console with a game they've never heard of, they are immediately thrust into the game's jungle setting, into the bodies of their avatars. What they discover is that you don't just play Jumanji—Jumanji plays you. They'll have to go on the most dangerous adventure of their lives, or they'll be stuck in the game forever...",https://www.the-numbers.com/movie/Jumanji-Welcome-to-the-Jungle#tab=summary,tt2283362,https://image.tmdb.org/t/p/w300_and_h450_bestv2//22hqf97LadMvkd4zDi3Bq25xSqD.jpg,874496193,34.27110298,22.5,67.13555149
Jurassic Park,1993,402523348,643104279,1045627627,50159460,8.02,63000000,17.9,PG-13,126,Action,Animation/Live Action,Science Fiction,Universal Pictures,,https://www.the-numbers.com/movie/Jurassic-Park#tab=summary,tt0107290,https://image.tmdb.org/t/p/w300_and_h450_bestv2//z8Qcf4bDd5idZtB5fwp2yoTkf1q.jpg,982627627,38.50872407,15.75,69.25436204
Jurassic World,2015,652270625,1018130012,1670400637,208806270,3.12,215000000,8.5,PG-13,124,Action,Live Action,Science Fiction,Universal Pictures,Visitors at the Jurassic World theme park run for their lives when the genetically engineered Indominus Rex and other dinosaurs go on a rampage.,https://www.the-numbers.com/movie/Jurassic-World#tab=summary,tt0369610,https://image.tmdb.org/t/p/w300_and_h450_bestv2//rhr4y79GpxQF9IsfJItRXVaoGs4.jpg,1455400637,57.03648056,53.75,78.51824028
Jurassic World: Fallen Kingdom,2018,417719760,890751228,1308470988,148024610,2.82,170000000,6.8,PG-13,128,Action,Live Action,Science Fiction,Universal Pictures,"It's been four years since theme park and luxury resort Jurassic World was destroyed by dinosaurs out of containment. Isla Nublar now sits abandoned by humans while the surviving dinosaurs fend for themselves in the jungles. When the island's dormant volcano begins roaring to life, Owen and Claire mount a campaign to rescue the remaining dinosaurs from this extinction-level event. Owen is driven to find Blue, his lead raptor who's still missing in the wild, and Claire has grown a respect for these creatures she now makes her mission. Arriving on the unstable island as lava begins raining down, their expedition uncovers a conspiracy that could return our entire planet to a perilous order not seen since prehistoric times. ",https://www.the-numbers.com/movie/Jurassic-World-Fallen-Kingdom-(2018)#tab=summary,tt4881806,https://image.tmdb.org/t/p/w300_and_h450_bestv2//c9XxwwhPHdaImA2f1WEfEsbhaFB.jpg,1138470988,44.6161536,42.5,72.3080768
Man of Steel,2013,291045518,376954000,667999518,116619362,2.5,225000000,5,PG-13,142,Action,Live Action,Super Hero,Warner Bros.,"A young boy learns that he has extraordinary powers and is not of this Earth. As a young man, he journeys to discover where he came from and what he was sent here to do. But the hero in him must emerge if he is to save the world from annihilation and become the symbol of hope for all mankind. ",https://www.the-numbers.com/movie/Man-of-Steel#tab=summary,tt0770828,https://image.tmdb.org/t/p/w300_and_h450_bestv2//jydskfZ4y7XgVlFd7aqtj7YZp2B.jpg,442999518,17.36094705,56.25,58.68047353
Minions,2015,336045770,824290403,1160336173,115718405,2.9,74000000,7.8,PG,91,Adventure,Digital Animation,Kids Fiction,Universal Pictures," Starting as single-celled yellow organisms, Minions evolve through the ages, perpetually serving the most despicable of masters. Continuously unsuccessful at keeping these masters-from T. rex to Napoleon-the Minions find themselves without someone to serve and fall into a deep depression. But one Minion named Kevin has a plan, and he-alongside teenage rebel Stuart and lovable little Bob-ventures out into the world to find a new evil boss for his brethren to follow. The trio embarks upon a thrilling journey that ultimately leads them to their next potential master, Scarlet Overkill, the world's first-ever female super-villain. They travel from frigid Antarctica to 1960s New York City, ending in mod London, where they must face their biggest challenge to date: saving all of Minionkind...from annihilation. ",https://www.the-numbers.com/movie/Minions#tab=summary,tt2293640,https://image.tmdb.org/t/p/w300_and_h450_bestv2//tMaGZ2HR8HAFwkx4YRib0CDVfNT.jpg,1086336173,42.57301422,18.5,71.28650711
Pirates of the Caribbean: At World's End,2007,309420425,654000000,963420425,114732820,2.7,300000000,6.1,PG-13,167,Adventure,Live Action,Historical Fiction,Walt Disney Pictures,,https://www.the-numbers.com/movie/Pirates-of-the-Caribbean-At-Worlds-End#tab=summary,tt0449088,https://image.tmdb.org/t/p/w300_and_h450_bestv2//oVh3REsCwJwmrTkZ9OkkeKiAE02.jpg,663420425,25.99914086,75,62.99957043
Pirates of the Caribbean: Dead Man's Chest,2006,423315812,642900000,1066215812,135634554,3.12,225000000,8.3,PG-13,151,Adventure,Live Action,Historical Fiction,Walt Disney Pictures,,https://www.the-numbers.com/movie/Pirates-of-the-Caribbean-Dead-Mans-Chest#tab=summary,tt0383574,https://image.tmdb.org/t/p/w300_and_h450_bestv2//AdRQGfT05z6L9gIpUpkh4McMmpm.jpg,841215812,32.96686018,56.25,66.48343009
Pirates of the Caribbean: The Curse of the Black Pearl,2003,305410819,348900000,654310819,46630690,6.55,140000000,10.8,PG-13,144,Adventure,Live Action,Fantasy,Walt Disney Pictures,,https://www.the-numbers.com/movie/Pirates-of-the-Caribbean-The-Curse-of-the-Black-Pearl#tab=summary,tt0325980,https://image.tmdb.org/t/p/w300_and_h450_bestv2//z8onk7LV9Mmw6zKz4hT6pzzvmvl.jpg,514310819,20.15560409,35,60.07780204
Rogue One: A Star Wars Story,2016,532177324,523879949,1056057273,155081681,3.43,200000000,7,PG-13,134,Adventure,Animation/Live Action,Science Fiction,Lucasfilm,"In a time of conflict, a group of unlikely heroes band together on a mission to steal the plans to the Death Star, the Empire's ultimate weapon of destruction. This key event in the Star Wars timeline brings together ordinary people who choose to do extraordinary things, and in doing so, become part of something greater than themselves.",https://www.the-numbers.com/movie/Rogue-One-A-Star-Wars-Story#tab=summary,tt3748528,https://image.tmdb.org/t/p/w300_and_h450_bestv2//7fJwp7YdTaOHWBgEhsweqjBzclW.jpg,856057273,33.5484902,50,66.7742451
Shrek 2,2004,441226247,494558583,935784830,108037878,4.08,70000000,8,PG,92,Adventure,Digital Animation,Kids Fiction,PDI,"After battling a fire-breathing dragon and the evil Lord Farquaad to win the hand of Princess Fiona, Shrek now faces his greatest challenge: the in-laws. Shrek and Princess Fiona return from their honeymoon to find an invitation to visit Fiona's parents, the King and Queen of the Kingdom of Far, Far Away. With Donkey along for the ride, the newlyweds set off. All of the citizens of Far, Far Away turn out to greet their returning Princess, and her parents happily anticipate the homecoming of their daughter and her new Prince. But no one could have prepared them for the sight of their new son-in-law, not to mention how much their little girl had changed. Little did Shrek and Fiona know that their marriage had foiled all of her father's plans for her future--and his own. Now the King must enlist the help of a powerful Fairy Godmother, the handsome Prince Charming and that famed ogre killer 'Puss In Boots' to put right his version of ""happily ever after.""",https://www.the-numbers.com/movie/Shrek-2#tab=summary,tt0298148,https://image.tmdb.org/t/p/w300_and_h450_bestv2//2yYP0PQjG8zVqturh1BAqu2Tixl.jpg,865784830,33.92970868,17.5,66.96485434
Shrek the Third,2007,322719944,484610992,807330936,121629270,2.65,160000000,6.7,PG,92,Adventure,Digital Animation,Kids Fiction,DreamWorks Animation,,https://www.the-numbers.com/movie/Shrek-the-Third#tab=summary,tt0413267,https://image.tmdb.org/t/p/w300_and_h450_bestv2//iWCWbYqPGyNIHcA8wZ9zsGCugcp.jpg,647330936,25.3686012,40,62.6843006
Skyfall,2012,304360277,806166704,1110526981,88364714,3.44,200000000,8.2,PG-13,143,Action,Live Action,Contemporary Fiction,Eon Productions,"Bond's loyalty to M is tested as her past comes back to haunt her. As MI6 comes under attack, 007 must track down and destroy the threat, no matter how personal the cost",https://www.the-numbers.com/movie/Skyfall#tab=summary,tt1074638,https://image.tmdb.org/t/p/w300_and_h450_bestv2//rTAZjyTPIcsZffqD0WHtxOLZOSW.jpg,910526981,35.68313297,50,67.84156648
Spider-Man,2002,403706375,418000000,821706375,114844116,3.52,139000000,8.1,PG-13,121,Adventure,Live Action,Super Hero,Columbia Pictures,,https://www.the-numbers.com/movie/Spider-Man#tab=summary,tt0145487,https://image.tmdb.org/t/p/w300_and_h450_bestv2//cqyN8Kt10wCrIUUZX7l5uDJIY0C.jpg,682706375,26.75494836,34.75,63.37747418
Spider-Man 2,2004,373524485,421173072,794697557,88156227,4.24,200000000,7.1,PG-13,127,Adventure,Live Action,Super Hero,Columbia Pictures,,https://www.the-numbers.com/movie/Spider-Man-2#tab=summary,tt0316654,https://image.tmdb.org/t/p/w300_and_h450_bestv2//olxpyq9kJAZ2NU1siLshhhXEPR7.jpg,594697557,23.30592332,50,61.65296166
Spider-Man 3,2007,336530303,558329927,894860230,151116516,2.23,258000000,6.4,PG-13,139,Adventure,Live Action,Super Hero,Columbia Pictures,,https://www.the-numbers.com/movie/Spider-Man-3#tab=summary,tt0413300,https://image.tmdb.org/t/p/w300_and_h450_bestv2//rLwhewWypBL88VFGf6haSdnNj2U.jpg,636860230,24.95825906,64.5,62.47912953
Spider-Man: Far From Home,2019,390532085,738459543,1128991628,92579212,4.22,160000000,7.1,PG-13,129,Action,Live Action,Super Hero,Columbia Pictures,"Following the events of Avengers: Endgame, Spider-Man must step up to take on new threats in a world that has changed forever.",https://www.the-numbers.com/movie/Spider-Man-Far-From-Home-(2019)#tab=summary,tt6320628,https://image.tmdb.org/t/p/w300_and_h450_bestv2//lcq8dVxeeOqHvvgcte707K0KVx5.jpg,968991628,37.97433555,40,68.98716778
Spider-Man: Homecoming,2017,334201140,545965210,880166350,117027503,2.86,175000000,8,PG-13,133,Action,Live Action,Super Hero,Marvel Studios,"Thrilled by his experience with the Avengers, Peter returns home, where he lives with his Aunt May, under the watchful eye of his new mentor Tony Stark. Peter tries to fall back into his normal daily routine—distracted by thoughts of proving himself to be more than just your friendly neighborhood Spider-Man—but when the Vulture emerges as a new villain, everything that Peter holds most important will be threatened.",https://www.the-numbers.com/movie/Spider-Man-Homecoming#tab=summary,tt2250912,https://image.tmdb.org/t/p/w300_and_h450_bestv2//c24sv2weTHPsmDa7jEMN0m2P3RT.jpg,705166350,27.63514443,43.75,63.81757222
Star Wars Ep. I: The Phantom Menace,1999,474544677,552500000,1027044677,64810970,7.32,115000000,15.1,PG,133,Adventure,Animation/Live Action,Science Fiction,Lucasfilm,"Stranded on the desert planet Tatooine after rescuing young Queen Amidala from the impending invasion of Naboo, Jedi apprentice Obi-Wan Kenobi and his Jedi Master Qui-Gon Jinn discover nine-year-old Anakin Skywalker, a young slave unusually strong in the Force. Anakin wins a thrilling Podrace and with it his freedom as he leaves his home to be trained as a Jedi. The heroes return to Naboo where Anakin and the Queen face massive invasion forces while the two Jedi contend with a deadly foe named Darth Maul. Only then do they realize the invasion is merely the first step in a sinister scheme by the re-emergent forces of darkness known as the Sith. ",https://www.the-numbers.com/movie/Star-Wars-Ep-I-The-Phantom-Menace#tab=summary,tt0120915,https://image.tmdb.org/t/p/w300_and_h450_bestv2//6wkfovpn7Eq8dYNKaG5PY3q2oq6.jpg,912044677,35.74261077,28.75,67.87130539
Star Wars Ep. II: Attack of the Clones,2002,310676740,346018875,656695615,80027814,3.88,115000000,7.9,PG,143,Adventure,Animation/Live Action,Science Fiction,Lucasfilm,"Ten years after the invasion of Naboo, the galaxy is on the brink of civil war. Under the leadership of a renegade Jedi named Count Dooku, thousands of solar systems threaten to break away from the Galactic Republic. When an assassination attempt is made on Senator Padmé Amidala, the former Queen of Naboo, twenty-year-old Jedi apprentice Anakin Skywalker is assigned to protect her. In the course of his mission, Anakin discovers his love for Padmé as well as his own darker side. Soon, Anakin, Padmé, and Obi-Wan Kenobi are drawn into the heart of the Separatist movement and the beginning of the Clone Wars. ",https://www.the-numbers.com/movie/Star-Wars-Ep-II-Attack-of-the-Clones#tab=summary,tt0121765,https://image.tmdb.org/t/p/w300_and_h450_bestv2//oZNPzxqM2s5DyVWab09NTQScDQt.jpg,541695615,21.22880163,28.75,60.61440081
Star Wars Ep. III: Revenge of the Sith,2005,380270577,468728300,848998877,108435841,3.51,115000000,7.3,PG-13,139,Adventure,Animation/Live Action,Science Fiction,Lucasfilm,"Years after the onset of the Clone Wars, the noble Jedi Knights lead a massive clone army into a galaxy-wide battle against the Separatists. When the sinister Sith unveil a thousand-year-old plot to rule the galaxy, the Republic crumbles and from its ashes rises the evil Galactic Empire. Jedi hero Anakin Skywalker is seduced by the dark side of the Force to become the Emperor's new apprentice -- Darth Vader. The Jedi are decimated, as Obi-Wan Kenobi and Jedi Master Yoda are forced into hiding. The only hope for the galaxy are Anakin's own offspring -- the twin children born in secrecy who will grow up to become heroes. ",https://www.the-numbers.com/movie/Star-Wars-Ep-III-Revenge-of-the-Sith#tab=summary,tt0121766,https://image.tmdb.org/t/p/w300_and_h450_bestv2//duJfdpefRgFBMvMdOJSiTWDD69z.jpg,733998877,28.76507789,28.75,64.38253894
Star Wars Ep. IV: A New Hope,1977,460998007,314400000,775398007,1554475,12.84,11000000,18.4,PG,119,Adventure,Live Action,Science Fiction,20th Century Fox,,https://www.the-numbers.com/movie/Star-Wars-Ep-IV-A-New-Hope#tab=summary,tt0076759,https://image.tmdb.org/t/p/w300_and_h450_bestv2//6FfCtAuVAW8XJjZ7eWeLibRLWTw.jpg,764398007,29.95640579,2.75,64.97820289
Star Wars Ep. V: The Empire Strikes Back,1980,290271960,257697044,547969004,4910483,13.21,23000000,13.1,PG,124,Adventure,Live Action,Science Fiction,Lucasfilm,,https://www.the-numbers.com/movie/Star-Wars-Ep-V-The-Empire-Strikes-Back#tab=summary,tt0080684,https://image.tmdb.org/t/p/w300_and_h450_bestv2//7BuH8itoSrLExs2YZSsM01Qk2no.jpg,524969004,20.57329345,5.75,60.28664672
Star Wars Ep. VI: Return of the Jedi,1983,309205079,165901098,475106177,23019618,13.43,32500000,19.1,PG,133,Adventure,Live Action,Science Fiction,Lucasfilm,,https://www.the-numbers.com/movie/Star-Wars-Ep-VI-Return-of-the-Jedi#tab=summary,tt0086190,https://image.tmdb.org/t/p/w300_and_h450_bestv2//mDCBQNhR6R0PVFucJl0O4Hp5klZ.jpg,442606177,17.3455322,8.125,58.6727661
Star Wars Ep. VII: The Force Awakens,2015,936662225,1131561399,2068223624,247966675,3.78,306000000,9.2,PG-13,136,Adventure,Animation/Live Action,Science Fiction,Lucasfilm,"Rey, a scavenger from the planet Jakku, and renegade stormtrooper FN-2187 (nickname 'Finn') embark with resistance pilot Poe Dameron on a quest to destroy Starkiller Base and search for Luke Skywalker, the last remaining Jedi.",https://www.the-numbers.com/movie/Star-Wars-Ep-VII-The-Force-Awakens#tab=summary,tt2488496,https://image.tmdb.org/t/p/w300_and_h450_bestv2//9rd002JS49RwDW944fF1wjU8iTV.jpg,1762223624,69.06073209,76.5,84.53036604
Star Wars Ep. VIII: The Last Jedi,2017,620181382,712358507,1332539889,220009584,2.82,200000000,6.7,PG-13,150,Adventure,Animation/Live Action,Science Fiction,Lucasfilm,The Skywalker saga continues as the heroes of The Force Awakens join the galactic legends in an epic adventure that unlocks age-old mysteries of the Force and shocking revelations of the past. ,https://www.the-numbers.com/movie/Star-Wars-Ep-VIII-The-Last-Jedi#tab=summary,tt2527336,https://image.tmdb.org/t/p/w300_and_h450_bestv2//kOVEVeg59E0wsnXmF9nrh6OmWII.jpg,1132539889,44.38371657,50,72.19185828
Star Wars: The Rise of Skywalker,2019,515202542,558938488,1074141030,177383864,2.9,275000000,6.7,PG-13,142,Adventure,Animation/Live Action,Science Fiction,Lucasfilm,No one's ever really gone... Rey's journey continues and the Skywalker saga concludes.,https://www.the-numbers.com/movie/Star-Wars-The-Rise-of-Skywalker-(2019)#tab=summary,tt2527338,https://image.tmdb.org/t/p/w300_and_h450_bestv2//db32LaOibwEliAmSL2jjDF6oDdj.jpg,799141030,31.31796886,68.75,65.65898443
Suicide Squad,2016,325100054,420959833,746059887,133682248,2.43,175000000,7.4,PG-13,123,Action,Animation/Live Action,Super Hero,Warner Bros.,"It feels good to be bad... Assemble a team of the world's most dangerous, incarcerated Super Villains, provide them with the most powerful arsenal at the government's disposal, and send them off on a mission to defeat an enigmatic, insuperable entity.  U.S. intelligence officer Amanda Waller has determined only a secretly convened group of disparate, despicable individuals with next to nothing to lose will do.  However, once they realize they weren't picked to succeed but chosen for their patent culpability when they inevitably fail, will the Suicide Squad resolve to die trying, or decide it's every man for himself?",https://www.the-numbers.com/movie/Suicide-Squad#tab=summary,tt1386697,https://image.tmdb.org/t/p/w300_and_h450_bestv2//dwr75V4u87yGQwVLWUptnmFK0x8.jpg,571059887,22.37957392,43.75,61.18978696
The Avengers,2012,623357910,895455078,1518812988,207438708,3.01,225000000,8.7,PG-13,143,Action,Animation/Live Action,Super Hero,Marvel Studios," When an unexpected enemy emerges that threatens global safety and security, Nick Fury, Director of the international peacekeeping agency known as S.H.I.E.L.D., finds himself in need of a team to pull the world back from the brink of disaster. Spanning the globe, a daring recruitment effort begins.",https://www.the-numbers.com/movie/Avengers-The-(2012)#tab=summary,tt0848228,https://image.tmdb.org/t/p/w300_and_h450_bestv2//RYMX2wcKCBAr24UyPD7xwmjaTn.jpg,1293812988,50.70393503,56.25,75.35196751
"The Chronicles of Narnia: The Lion, the Witch and the Wardrobe",2005,291710957,428828615,720539572,65556312,4.45,180000000,8.7,PG,140,Adventure,Animation/Live Action,Fantasy,Walt Disney Pictures,"Four young adventurers playing hide and-seek in the country home of an old professor stumble upon an enchanted wardrobe that will take them places they never dreamed. Stepping through the wardrobe door, they are whisked out of World War II London into the spectacular parallel universe known as Narnia—a fairy-tale realm of magical proportions where woodland animals talk and mythological creatures roam the hills. But Narnia has fallen under the icy spell of a mad sorceress, cursed to suffer through a winter that never ends by the White Witch Jadis. Now, aided by Narnia's rightful leader, the wise and mystical lion Aslan, the four Pevensie children will discover their own strength and lead Narnia into a spectacular battle to be free of the Witch's glacial enslavement forever. ",https://www.the-numbers.com/movie/Chronicles-of-Narnia-The-Lion-the-Witch-and-the-Wardrobe-The#tab=summary,tt0363771,https://image.tmdb.org/t/p/w300_and_h450_bestv2//kzJip9vndXYSKQHCgekrgqbnUrA.jpg,540539572,21.18349684,45,60.59174842
The Dark Knight,2008,535234033,468275260,1003509293,158411483,3.38,185000000,9,PG-13,152,Action,Live Action,Super Hero,Legendary Pictures,,https://www.the-numbers.com/movie/Dark-Knight-The#tab=summary,tt0468569,https://image.tmdb.org/t/p/w300_and_h450_bestv2//qJ2tW6WMUDux911r6m7haRef0WH.jpg,818509293,32.07700216,46.25,66.03850108
The Dark Knight Rises,2012,448139099,636300000,1084439099,160887295,2.79,230000000,7.4,PG-13,164,Action,Live Action,Super Hero,Warner Bros.,"It has been eight years since Batman vanished into the night, turning, in that instant, from hero to fugitive. Assuming the blame for the death of D.A. Harvey Dent, the Dark Knight sacrificed everything for what he and Commissioner Gordon both hoped was the greater good. For a time the lie worked, as criminal activity in Gotham City was crushed under the weight of the anti-crime Dent Act.But everything will change with the arrival of a cunning cat burglar with a mysterious agenda. Far more dangerous, however, is the emergence of Bane, a masked terrorist whose ruthless plans for Gotham drive Bruce out of his self-imposed exile. But even if he dons the cape and cowl again, Batman may be no match for Bane.",https://www.the-numbers.com/movie/Dark-Knight-Rises-The#tab=summary,tt1345836,https://image.tmdb.org/t/p/w300_and_h450_bestv2//lEeOaKZf16R1cZCuryP859SKgE7.jpg,854439099,33.48507471,57.5,66.74253735
The Hobbit: An Unexpected Journey,2012,303003568,714000000,1017003568,84617303,3.58,200000000,6.8,PG-13,169,Adventure,Animation/Live Action,Fantasy,New Line Cinema,"Hobbit Bilbo Baggins is swept into an epic quest to reclaim the lost Dwarf Kingdom of Erebor from the fearsome Dragon Smaug. Approached out of the blue by the Wizard Gandalf the Grey, Bilbo finds himself joining a company of 13 Dwarves led by the legendary warrior Thorin Oakenshield. Their journey will take them into the Wild, through treacherous lands swarming with Goblins, Orcs and deadly Wargs, as well as a mysterious and sinister figure known only as the Necromancer.Although their goal lies to the East and the wastelands of the Lonely Mountain, first they must escape the Goblin tunnels, where Bilbo meets the creature that will change his life forever...Gollum.Here, alone with Gollum, on the shores of an underground lake, the unassuming Bilbo Baggins not only discovers depths of ingenuity and courage that surprise even him, he also gains possession of Gollum's ""precious"" ring that holds unexpected and useful qualities... A simple, gold ring that is tied to the fate of all Middle-earth in ways Bilbo cannot begin to know.",https://www.the-numbers.com/movie/Hobbit-An-Unexpected-Journey-The#tab=summary,tt0903624,https://image.tmdb.org/t/p/w300_and_h450_bestv2//9I5pUgMuZuddyQaLRIWAfJSA7yn.jpg,817003568,32.01799349,50,66.00899675
The Hunger Games,2012,408010692,269912687,677923379,152535747,2.67,80000000,9.1,PG-13,142,Thriller/Suspense,Live Action,Science Fiction,Lionsgate,"Every year in the ruins of what was once North America, the nation of Panem forces each of its twelve districts to send a teenage boy and girl to compete in the Hunger Games.  Part twisted entertainment, part government intimidation tactic, the Hunger Games are a nationally televised event in which ""Tributes"" must fight with one another until one survivor remains. Pitted against highly-trained Tributes who have prepared for these Games their entire lives, Katniss is forced to rely upon her sharp instincts as well as the mentorship of drunken former victor Haymitch Abernathy.  If she's ever to return home to District 12, Katniss must make impossible choices in the arena that weigh survival against humanity and life against love.",https://www.the-numbers.com/movie/Hunger-Games-The#tab=summary,tt1392170,https://image.tmdb.org/t/p/w300_and_h450_bestv2//rXVNGUOTfT4lEdoSFomYUdOB96d.jpg,597923379,23.4323418,20,61.7161709
The Hunger Games: Catching Fire,2013,424668047,440200000,864868047,158074286,2.69,130000000,7.3,PG-13,146,Adventure,Live Action,Science Fiction,Lionsgate,"Katniss Everdeen has returned home safe after winning the 74th Annual Hunger Games along with fellow tribute Peeta Mellark. Winning means that they must turn around and leave their family and close friends, embarking on a ""Victor's Tour"" of the districts. Along the way Katniss senses that a rebellion is simmering, but the Capitol is still very much in control as President Snow prepares the 75th Annual Hunger Games - a competition that could change Panem forever.",https://www.the-numbers.com/movie/Hunger-Games-Catching-Fire-The#tab=summary,tt1951264,https://image.tmdb.org/t/p/w300_and_h450_bestv2//uio5Soku69zkKbfLxZkl0ZRyq8I.jpg,734868047,28.79914026,32.5,64.39957013
The Hunger Games: Mockingjay - Part 1,2014,337135885,429439246,766575131,121897634,2.77,125000000,7.3,PG-13,123,Thriller/Suspense,Live Action,Science Fiction,Lionsgate,"Katniss Everdeen is in District 13 after she literally shatters the games forever. Under the leadership of President Coin and the advice of her trusted friends, Katniss spreads her wings as she fights to save Peeta and a nation moved by her courage.",https://www.the-numbers.com/movie/Hunger-Games-Mockingjay-Part-1-The#tab=summary,tt1951265,https://image.tmdb.org/t/p/w300_and_h450_bestv2//o6CVAJU3bj0UBlB2p38ekU5kwxF.jpg,641575131,25.14303385,31.25,62.57151693
The Jungle Book,2016,364001123,598853424,962854547,103261464,3.53,175000000,8.1,PG,105,Adventure,Animation/Live Action,Fantasy,Walt Disney Pictures,"An adventure about Mowgli, a man-cub raised by a family of wolves. But Mowgli finds he is no longer welcome in the jungle when fearsome tiger Shere Khan, who bears the scars of Man, promises to eliminate what he sees as a threat. Urged to abandon the only home he's ever known, Mowgli embarks on a captivating journey of self-discovery, guided by panther-turned-stern mentor Bagheera, and the free-spirited bear Baloo. Along the way, Mowgli encounters jungle creatures who don't exactly have his best interests at heart, including Kaa, a python whose seductive voice and gaze hypnotizes the man-cub, and the smooth-talking King Louie, who tries to coerce Mowgli into giving up the secret to the elusive and deadly red flower: fire. ",https://www.the-numbers.com/movie/Jungle-Book-The-(2016)#tab=summary,tt3040964,https://image.tmdb.org/t/p/w300_and_h450_bestv2//tOEOlmLP71IojeJ91dyJ9Nsb8O8.jpg,787854547,30.87565679,43.75,65.43782839
The Lion King,2019,543638043,1113305351,1656943394,191770759,2.83,260000000,8.5,PG,118,Adventure,Animation/Live Action,Kids Fiction,Walt Disney Pictures,"Simba idolizes his father, King Mufasa, and takes to heart his own royal destiny. But not everyone in the kingdom celebrates the new cub's arrival. Scar, Mufasa's brother—and former heir to the throne—has plans of his own. The battle for Pride Rock is ravaged with betrayal, tragedy and drama, ultimately resulting in Simba's exile. With help from a curious pair of newfound friends, Simba will have to figure out how to grow up and take back what is rightfully his.",https://www.the-numbers.com/movie/Lion-King-The-(Live-Action)-(2019)#tab=summary,tt6105098,https://image.tmdb.org/t/p/w300_and_h450_bestv2//2bXbqYdUdNVa8VIWXVfclP2ICtT.jpg,1396943394,54.74556813,65,77.37278407
The Lion King,1994,421785283,564429585,986214868,1586753,10.32,79300000,23,G,87,Adventure,Hand Animation,Kids Fiction,Walt Disney Pictures,"The story of a lion cub's journey to adulthood and acceptance of his royal destiny. Simba begins life as an honored prince, the son of the powerful King Mufasa. The cub's happy childhood turns tragic when his evil uncle, Scar, murders Mufasa and drives Simba away from the kingdom. In exile, the young lion befriends the bumbling pair of Pumbaa the warthog and Timon the meerkat, who together live a carefree jungle life. As he approaches adulthood, however, he is visited by the spirit of his father, who instructs him to defeat the nefarious Scar and reclaim his rightful throne.",https://www.the-numbers.com/movie/Lion-King-The#tab=summary,tt0110357,https://image.tmdb.org/t/p/w300_and_h450_bestv2//sKCr78MXSLixwmZ8DyJLrpMsd15.jpg,906914868,35.54157592,19.825,67.77078796
The Lord of the Rings: The Fellowship of the Ring,2001,315544750,571666235,887210985,47211490,6.68,109000000,11.6,PG-13,179,Adventure,Animation/Live Action,Fantasy,,,https://www.the-numbers.com/movie/Lord-of-the-Rings-The-Fellowship-of-the-Ring-The#tab=summary,tt0120737,https://image.tmdb.org/t/p/w300_and_h450_bestv2//6oom5QYQ2yQTMJIbnvbkBL9cHo6.jpg,778210985,30.49773003,27.25,65.24886502
The Lord of the Rings: The Return of the King,2003,377845905,742578709,1120424614,72629713,5.2,94000000,9.6,PG-13,201,Adventure,Animation/Live Action,Fantasy,Wingnut Films,,https://www.the-numbers.com/movie/Lord-of-the-Rings-The-Return-of-the-King-The#tab=summary,tt0167260,https://image.tmdb.org/t/p/w300_and_h450_bestv2//rCzpDGLbOoPwLjy3OAm5NUPOTrC.jpg,1026424614,40.22510782,23.5,70.11255391
The Lord of the Rings: The Two Towers,2002,342548984,585049265,927598249,62007528,5.52,94000000,8.9,PG-13,179,Adventure,Animation/Live Action,Fantasy,Wingnut Films,,https://www.the-numbers.com/movie/Lord-of-the-Rings-The-Two-Towers-The#tab=summary,tt0167261,https://image.tmdb.org/t/p/w300_and_h450_bestv2//5VTN0pR8gcqV3EPUHHfMGnJYN9L.jpg,833598249,32.6683314,23.5,66.3341657
The Passion of the Christ,2004,370782930,251558190,622341120,83848082,4.42,25000000,10.5,R,127,Drama,Live Action,Dramatization,Icon Productions,"This depiction of the last 12 hours in the life of Jesus opens with his betrayal by Judas, his condemnation by the Pharisees and his appearance before Pontius Pilate. Pilate defers to King Herod, but Herod returns Jesus. Pilate then asks the crowd to choose between Jesus and Barrabas. The crowd chooses Barrabas. Pilate washes his hands of the matter, and Jesus is forced to carry the cross through the streets to Golgotha where Roman soldiers crucify him. Although Jesus briefly fears that God, his Father, has abandoned him, he regains his faith, proclaiming 'Into Thy hands I command my spirit.' At the moment of his death, nature itself over-turns. ",https://www.the-numbers.com/movie/Passion-of-the-Christ-The#tab=summary,tt0335345,https://image.tmdb.org/t/p/w300_and_h450_bestv2//4l9LCSOfEJ0vSY9D6kpH2OVfk0j.jpg,597341120,23.40952334,6.25,61.70476167
The Secret Life of Pets,2016,368384330,518222082,886606412,104352905,3.53,75000000,8.1,PG,91,Adventure,Digital Animation,Kids Fiction,Illumination Entertainment,"For one bustling Manhattan apartment building, the real day starts after the folks on two legs leave for work and school. That's when the pets of every stripe, fur and feather begin their own nine-to-five routine: hanging out with  each  other,  trading  humiliating  stories  about their owners, auditioning adorable looks to get better snacks and watching Animal Planet like it is reality TV.",https://www.the-numbers.com/movie/Secret-Life-of-Pets-The#tab=summary,tt2709768,https://image.tmdb.org/t/p/w300_and_h450_bestv2//pLK3FxB3Ns8MFrY5dkH6abuhb0B.jpg,811606412,31.80648143,18.75,65.90324072
The Sixth Sense,1999,293506292,379300000,672806292,26681262,10.03,40000000,18.3,PG-13,108,Thriller/Suspense,Live Action,Fantasy,Hollywood Pictures,,https://www.the-numbers.com/movie/Sixth-Sense-The#tab=summary,tt0167404,https://image.tmdb.org/t/p/w300_and_h450_bestv2//fIssD3w3SvIhPPmVo4WMgZDVLID.jpg,632806292,24.79938709,10,62.39969355
"The Twilight Saga: Breaking Dawn, Part 2",2012,292324737,537400000,829724737,141067634,2.07,136200000,5.9,PG-13,115,Drama,Live Action,Fantasy,Temple Hill Entertainment,"Bella awakens transformed—she is now a mother and finally... a vampire. While her husband Edward delights in her beauty, speed, and uncommon self-control, newborn Bella has never felt more alive; and the destiny of her best friend Jacob Black has become entwined in that of their exceptional daughter Renesmee. The arrival of a creature so rare cements an extended family, but will soon ignite forces that threaten to destroy.",https://www.the-numbers.com/movie/Twilight-Saga-Breaking-Dawn-Part-2-The#tab=summary,tt1673434,https://image.tmdb.org/t/p/w300_and_h450_bestv2//jHE7WUf3FDod8vw3O3twh0JVZun.jpg,693524737,27.17891498,34.05,63.58945749
The Twilight Saga: Eclipse,2010,300531751,405571077,706102828,64832191,4.64,68000000,5.5,PG-13,124,Drama,Live Action,Fantasy,Temple Hill Entertainment,"Bella once again finds herself surrounded by danger as Seattle is ravaged by a string of mysterious killings and a malicious vampire continues her quest for revenge. In the midst of it all, she is forced to choose between her love for Edward and her friendship with Jacob— knowing that her decision has the potential to ignite the struggle between vampire and werewolf. With her graduation quickly approaching, Bella is confronted with the most important decision of her life.",https://www.the-numbers.com/movie/Twilight-Saga-Eclipse-The#tab=summary,tt1325004,https://image.tmdb.org/t/p/w300_and_h450_bestv2//sOpCY4by0bkEu9LbVXVCOpWWKzF.jpg,638102828,25.0069559,17,62.50347795
The Twilight Saga: New Moon,2009,296623634,390934093,687557727,142839137,2.08,50000000,6.5,PG-13,130,Drama,Live Action,Fantasy,Summit Entertainment,asdsada,https://www.the-numbers.com/movie/Twilight-Saga-New-Moon-The#tab=summary,tt1259571,https://image.tmdb.org/t/p/w300_and_h450_bestv2//j5jM5pq78ObAXX1WhTsb115EkLl.jpg,637557727,24.98559364,12.5,62.49279682
Thor: Ragnarok,2017,315058289,538900000,853958289,122744989,2.57,180000000,6.5,PG-13,130,Action,Live Action,Super Hero,Marvel Studios,"Thor is imprisoned on the other side of the universe without his mighty hammer and finds himself in a race against time to get back to Asgard to stop Ragnarok—the destruction of his home-world and the end of Asgardian civilization—at the hands of an all-powerful new threat, the ruthless Hela. But first, he must survive a deadly gladiatorial contest that pits him against his former ally and fellow Avenger—the Incredible Hulk! ",https://www.the-numbers.com/movie/Thor-Ragnarok#tab=summary,tt3501632,https://image.tmdb.org/t/p/w300_and_h450_bestv2//rzRwTcFvttcN1ZpX2xv4j3tSdJu.jpg,673958289,26.4121149,45,63.20605745
Titanic,1997,659363944,1548844451,2208208395,28638131,18.6,200000000,26.8,PG-13,194,Thriller/Suspense,Live Action,Historical Fiction,20th Century Fox,,https://www.the-numbers.com/movie/Titanic-(1997)#tab=summary,tt0120338,https://image.tmdb.org/t/p/w300_and_h450_bestv2//9xjZS2rlVxm8SFx8kPC3aIGCOYQ.jpg,2008208395,78.70076195,50,89.35038098
Toy Story 3,2010,415004880,653874642,1068879522,110307189,3.76,200000000,8.4,G,102,Adventure,Digital Animation,Kids Fiction,Walt Disney Pictures,"As Andy prepares to depart for college, his loyal toys find themselves in... day care! But the untamed tots with their sticky little fingers do not play nice, so it's all for one and one for all as plans for the great escape get underway. More than a few new faces -- some plastic, some plush -- join the adventure, including iconic swinging bachelor and Barbie's counterpart, Ken; a lederhosen-wearing thespian hedgehog named Mr. Pricklepants; and a pink, strawberry-scented teddy bear called Lots-o'- Huggin' Bear.",https://www.the-numbers.com/movie/Toy-Story-3#tab=summary,tt0435761,https://image.tmdb.org/t/p/w300_and_h450_bestv2//amY0NH1ksd9xJ9boXAMmods6U0D.jpg,868879522,34.05098823,50,67.02549412
Toy Story 4,2019,434038008,639356805,1073394813,120908065,3.59,200000000,8.3,G,89,Adventure,Digital Animation,Kids Fiction,Disney-Pixar,"Woody has always been confident about his place in the world, and that his priority is taking care of his kid, whether that's Andy or Bonnie. So when Bonnie's beloved new craft-project-turned-toy, Forky, declares himself as 'trash' and not a toy, Woody takes it upon himself to show Forky why he should embrace being a toy. But when Bonnie takes the whole gang on her family's road trip excursion, Woody ends up on an unexpected detour that includes a reunion with his long-lost friend Bo Peep. After years of being on her own, Bo's adventurous spirit and life on the road belie her delicate porcelain exterior. As Woody and Bo realize they're worlds apart when it comes to life as a toy, they soon come to find that's the least of their worries.   ",https://www.the-numbers.com/movie/Toy-Story-4-(2019)#tab=summary,tt1979376,https://image.tmdb.org/t/p/w300_and_h450_bestv2//w9kR8qbmQ01HwnvK4alvnQ2ca0L.jpg,873394813,34.22794041,50,67.1139702
Transformers,2007,319246193,389026399,708272592,70502384,4.53,151000000,6.4,PG-13,142,Action,Animation/Live Action,Science Fiction,DreamWorks Pictures,,https://www.the-numbers.com/movie/Transformers#tab=summary,tt0418279,https://image.tmdb.org/t/p/w300_and_h450_bestv2//oz7WsSLalkh60q1e0uzqqpbaB2g.jpg,557272592,21.83925618,37.75,60.91962809
Transformers: Dark of the Moon,2011,352390543,771403536,1123794079,97852865,3.6,195000000,5.7,PG-13,154,Action,Animation/Live Action,Science Fiction,Paramount Pictures,When a mysterious event from Earth's past erupts into the present day it threatens to bring a war to Earth so big that the Transformers alone will not be able to save us.  ,https://www.the-numbers.com/movie/Transformers-Dark-of-the-Moon#tab=summary,tt1399103,https://image.tmdb.org/t/p/w300_and_h450_bestv2//v0VzOKXpJ1hs09beNbVhDo18Slh.jpg,928794079,36.39901212,48.75,68.19950606
Transformers: Revenge of the Fallen,2009,402111870,434407829,836519699,108966307,3.69,210000000,6.7,PG-13,149,Action,Animation/Live Action,Science Fiction,DreamWorks Pictures,,https://www.the-numbers.com/movie/Transformers-Revenge-of-the-Fallen#tab=summary,tt1055369,https://image.tmdb.org/t/p/w300_and_h450_bestv2//6jcxahM7BDAAeKkP4IF8WLFsJ3K.jpg,626519699,24.55301841,52.5,62.2765092
Up,2009,293004164,438459213,731463377,68108790,4.3,175000000,7.8,PG,89,Adventure,Digital Animation,Fantasy,Walt Disney Pictures,,https://www.the-numbers.com/movie/Up#tab=summary,tt1049413,https://image.tmdb.org/t/p/w300_and_h450_bestv2//6MNW96BHtwwWK74d0tLyxVZBkTs.jpg,556463377,21.80754342,43.75,60.90377171
Wonder Woman,2017,412563408,408569970,821133378,103251471,4,150000000,9.3,PG-13,141,Action,Live Action,Super Hero,Warner Bros.,"Before she was Wonder Woman, she was Diana, princess of the Amazons, trained to be an unconquerable warrior. Raised on a sheltered island paradise, when an American pilot crashes on their shores and tells of a massive conflict raging in the outside world, Diana leaves her home, convinced she can stop the threat. Fighting alongside man in a war to end all wars, Diana will discover her full powers... and her true destiny.",https://www.the-numbers.com/movie/Wonder-Woman-(2017)#tab=summary,tt0451279,https://image.tmdb.org/t/p/w300_and_h450_bestv2//gfJGlDaHuWimErCr5Ql0I8x9QSy.jpg,671133378,26.30140794,37.5,63.15070397
Zootopia,2016,341268248,682515947,1023784195,75063401,4.55,150000000,9.8,PG,108,Adventure,Digital Animation,Kids Fiction,Walt Disney Pictures,"The modern mammal metropolis of Zootopia is a city like no other. Comprised of habitat neighborhoods like ritzy Sahara Square and frigid Tundratown, it's a melting pot where animals from every environment live together—a place where no matter what you are, from the biggest elephant to the smallest shrew, you can be anything. But when rookie Officer Judy Hopps arrives, she discovers that being the first bunny on a police force of big, tough animals isn't so easy. Determined to prove herself, she jumps at the opportunity to crack a case, even if it means partnering with a fast-talking, scam-artist fox, Nick Wilde, to solve the mystery. ",https://www.the-numbers.com/movie/Zootopia-(2016)#tab=summary,tt2948356,https://image.tmdb.org/t/p/w300_and_h450_bestv2//hlK0e0wAQ3VLuJcsfIYPvb4JVud.jpg,873784195,34.24320011,37.5,67.12160005